id,created_time,updated_time,title,kind,body_path,icon,cover,cover_offset,tags,date,url,full_width,database_id,row_id,page_file
pg_home,2026-05-17T09:00:00.000Z,2026-05-28T00:36:18.658Z,Home,row_page,databases/system/pages--db_pages/pages/Home--pg_home.md,,,,,,,,pages,pg_home,Home--pg_home.md
pg_weekly_review,2026-05-17T09:05:00.000Z,2026-05-27T01:52:05.893Z,Weekly Review,row_page,databases/system/pages--db_pages/pages/Weekly_Review--pg_weekly_review.md,,,,,,,,pages,pg_weekly_review,Weekly_Review--pg_weekly_review.md
pg_markdown_lab,2026-05-17T09:30:00.000Z,2026-05-28T00:36:17.411Z,Markdown Lab,row_page,databases/system/pages--db_pages/pages/Markdown_Lab--pg_markdown_lab.md,,,,,,,,pages,pg_markdown_lab,Markdown_Lab--pg_markdown_lab.md
pg_database_lab,2026-05-17T09:35:00.000Z,2026-05-17T09:35:00.000Z,Database Lab,row_page,databases/system/pages--db_pages/pages/Database_Lab--pg_database_lab.md,,,,,,,,pages,pg_database_lab,Database_Lab--pg_database_lab.md
pg_search_lab,2026-05-17T09:40:00.000Z,2026-05-17T09:40:00.000Z,Search Lab Alpha Invoice Formula,row_page,databases/system/pages--db_pages/pages/Search_Lab_Alpha_Invoice_Formula--pg_search_lab.md,,,,,,,,pages,pg_search_lab,Search_Lab_Alpha_Invoice_Formula--pg_search_lab.md
pg_status_board,2026-05-17T18:30:00.000Z,2026-05-17T18:30:00.000Z,Status Board,row_page,databases/system/pages--db_pages/pages/Status_Board--pg_status_board.md,,,,,,,,pages,pg_status_board,Status_Board--pg_status_board.md
pg_triage,2026-05-17T18:30:30.000Z,2026-05-17T18:30:30.000Z,Triage Inbox,row_page,databases/system/pages--db_pages/pages/Triage_Inbox--pg_triage.md,,,,,,,,pages,pg_triage,Triage_Inbox--pg_triage.md
pg_kanban_plugin_test,2026-05-26T13:20:00.000Z,2026-05-26T13:20:00.000Z,Kanban Plugin Test,row_page,databases/system/pages--db_pages/pages/Kanban_Plugin_Test--pg_kanban_plugin_test.md,,,,,,,,pages,pg_kanban_plugin_test,Kanban_Plugin_Test--pg_kanban_plugin_test.md
pg_chinese_demo,2026-05-17T18:31:00.000Z,2026-05-26T23:31:11.704Z,中文视图测试,row_page,databases/system/pages--db_pages/pages/中文视图测试--pg_chinese_demo.md,,,,,,,,pages,pg_chinese_demo,中文视图测试--pg_chinese_demo.md
pg_scale_demo,2026-05-17T18:31:30.000Z,2026-05-26T23:30:43.586Z,Scale Demo · 20K embedded,row_page,databases/system/pages--db_pages/pages/Scale_Demo_·_20K_embedded--pg_scale_demo.md,,,,,,,,pages,pg_scale_demo,Scale_Demo_·_20K_embedded--pg_scale_demo.md
pg_markdown_showcase,2026-05-18T09:00:00.000Z,2026-05-28T00:36:23.570Z,Markdown Showcase,row_page,databases/system/pages--db_pages/pages/Markdown_Showcase--pg_markdown_showcase.md,,,,,,,,pages,pg_markdown_showcase,Markdown_Showcase--pg_markdown_showcase.md
